<?xml version="1.0" encoding="UTF-8"?>
<assembly>
  <id>docs</id>
  <formats>
    <format>zip</format>
  </formats>
  <includeBaseDirectory>false</includeBaseDirectory>
  <fileSets>
    <fileSet>
      <directory>../jbpm-docs/target/docbook/publish/en-US/</directory>
      <outputDirectory>jbpm-docs</outputDirectory>
      <includes>
        <include>html/**</include>
        <include>html_single/**</include>
        <include>pdf/**</include>
      </includes>
    </fileSet>
    <fileSet>
      <directory>${project.build.directory}/aggregated-javadocs/apidocs</directory>
      <outputDirectory>javadocs</outputDirectory>
    </fileSet>
  </fileSets>
</assembly>
