<?xml version="1.0" encoding="UTF-8"?>
<assembly>
  <id>form-builder</id>
  <formats>
    <format>zip</format>
  </formats>
  <includeBaseDirectory>false</includeBaseDirectory>
  <files>
    <file>
      <source>../jbpm-gwt/jbpm-gwt-form-api/target/jbpm-gwt-form-api-${project.version}.jar</source>
      <outputDirectory>lib</outputDirectory>
    </file>
    <file>
      <source>../jbpm-gwt/jbpm-gwt-form-exporter-freemarker/target/jbpm-gwt-form-exporter-freemarker-${project.version}.jar</source>
      <outputDirectory>lib</outputDirectory>
    </file>
    <file>
      <source>../jbpm-gwt/jbpm-gwt-form-exporter-gwt/target/jbpm-gwt-form-exporter-gwt-${project.version}.jar</source>
      <outputDirectory>lib</outputDirectory>
    </file>
    <file>
      <source>../jbpm-gwt/jbpm-gwt-form-builder/target/jbpm-form-builder-${project.version}.war</source>
      <outputDirectory></outputDirectory>
    </file>
  </files>
</assembly>
