<?xml version="1.0" encoding="UTF-8"?>
<assembly>
  <id>src</id>
  <formats>
    <format>zip</format>
  </formats>
  <includeBaseDirectory>false</includeBaseDirectory>
  <fileSets>
    <fileSet>
      <directory>..</directory>
      <outputDirectory></outputDirectory>
      <includes>
        <include>jbpm-bam/**</include>	  
        <include>jbpm-bpmn2/**</include>	
        <include>jbpm-bpmn2-emfextmodel/**</include>	
        <include>jbpm-distribution/**</include>
        <include>jbpm-docs/**</include>
        <include>jbpm-examples/**</include>
        <include>jbpm-flow/**</include>
        <include>jbpm-flow-builder/**</include>		
        <include>jbpm-gwt/**</include>
        <include>jbpm-human-task/**</include>
        <include>jbpm-installer/**</include>
        <include>jbpm-persistence-jpa/**</include>
        <include>jbpm-test/**</include>
        <include>jbpm-workitems/**</include>
        <include>*.xml</include>
        <include>*.txt</include>
      </includes>
      <excludes>
        <exclude>**/*.log/**</exclude>
        <exclude>**/target/**</exclude>
        <exclude>**/.git</exclude>
        <exclude>**/.metadata/**</exclude>
        <exclude>jbpm-installer/data/**</exclude>
        <exclude>jbpm-installer/eclipse/**</exclude>
        <exclude>jbpm-installer/jboss*/**</exclude>
        <exclude>jbpm-installer/lib/**</exclude>
        <exclude>jbpm-installer/repository/**</exclude>
        <exclude>jbpm-installer/repository.xml</exclude>
        <exclude>jbpm-installer/runtime/**</exclude>
        <exclude>jbpm-installer/workspace/**</exclude>
      </excludes>
    </fileSet>
  </fileSets>
</assembly>
