<?xml version="1.0" encoding="UTF-8"?>
<book version="5.0"
      xsi:schemaLocation="http://docbook.org/ns/docbook http://www.docbook.org/xml/5.0/xsd/docbook.xsd http://www.w3.org/1999/xlink http://www.docbook.org/xml/5.0/xsd/xlink.xsd"
      xml:base="./" xmlns="http://docbook.org/ns/docbook" xmlns:xsi="http://www.w3.org/2001/XMLSchema-instance"
      xmlns:xs="http://www.w3.org/2001/XMLSchema" xmlns:xlink="http://www.w3.org/1999/xlink"
      xmlns:xi="http://www.w3.org/2001/XInclude" xmlns:ns="http://docbook.org/ns/docbook">

  <info>
    <title>jBPM User Guide</title>
    <releaseinfo>Version &project.version;</releaseinfo>
    <authorgroup>
      <author>
        <orgname><link xlink:href="http://www.jboss.org/jbpm">The jBPM team</link></orgname>
      </author>
    </authorgroup>
    <cover>
      <mediaobject>
        <imageobject>
          <imagedata fileref="images/jBPM.png" />
        </imageobject>
      </mediaobject>
    </cover>
  </info>

  <!-- TODO remove preface after docbook upgrade when cover actually shows the logo before the TOC -->
  <preface>
    <mediaobject>
      <imageobject>
        <imagedata fileref="images/jBPM.png" />
      </imageobject>
    </mediaobject>
  </preface>

  <xi:include href="Chapter-Overview/Chapter-Overview.xml" />
  <xi:include href="Chapter-GettingStarted/Chapter-GettingStarted.xml" />
  <xi:include href="Chapter-Installer/Chapter-Installer.xml" />
  <xi:include href="Chapter-Quickstarts/Chapter-Quickstarts.xml" />
  <xi:include href="Chapter-API/Chapter-API.xml" />
  <xi:include href="Chapter-Processes/Chapter-Processes.xml" />
  <xi:include href="Chapter-BPMN2/Chapter-BPMN2.xml" />
  <xi:include href="Chapter-Persistence/Chapter-Persistence.xml" />
  <xi:include href="Chapter-Examples/Chapter-Examples.xml" />
  <xi:include href="Chapter-Eclipse/Chapter-Eclipse.xml" />
  <xi:include href="Chapter-Designer/Chapter-Designer.xml" />
  <xi:include href="Chapter-Console/Chapter-Console.xml" />
  <xi:include href="Chapter-HumanTasks/Chapter-HumanTasks.xml" />
  <xi:include href="Chapter-DomainSpecificProcesses/Chapter-DomainSpecificProcesses.xml" />
  <xi:include href="Chapter-Testing/Chapter-Testing.xml" />
  <xi:include href="Chapter-Guvnor/Chapter-Guvnor.xml" />
  <xi:include href="Chapter-BAM/Chapter-BAM.xml" />
  <xi:include href="Chapter-FlexibleProcesses/Chapter-FlexibleProcesses.xml" />
  <xi:include href="Chapter-Integration/Chapter-Integration.xml" />

</book>
